{"cameraMode":{"drawMode":0,"name":"Shaded","section":"Shading Mode"},"sceneLighting":true,"audioPlay":false,"sceneViewState":{"m_AlwaysRefresh":false,"showFog":true,"showSkybox":true,"showFlares":true,"showImageEffects":true,"showParticleSystems":true,"showVisualEffectGraphs":true,"m_FxEnabled":true},"in2DMode":false,"pivot":{"x":446.9406433105469,"y":221.6935577392578,"z":1.1996231079101563},"rotation":{"x":0.15211273729801179,"y":-0.23362547159194947,"z":0.037041615694761279,"w":0.9596698880195618},"size":7.105441570281982,"orthographic":false}